Ax,Ay,Az,pitch,roll
0,0,0,0,0
10.01565,0.2229972,0.2229972,0.2229972,0.2229972
