Ax,Ay,Az,pitch,roll
0,0,0,0,0
10.00637,0.2047319,0.2047319,0.2047319,0.2047319
